0.013850978,305.41406,0.05
0.027692009,610.6087918,0.1
0.041341855,911.5878919,0.15
0.055058659,1214.043423,0.2
0.06877444,1516.476398,0.25
0.081618961,1799.698085,0.3
0.095575332,2107.436062,0.35
0.109019072,2403.870544,0.4
0.122700882,2705.554437,0.45
0.136234262,3003.965468,0.5
0.150314927,3314.444143,0.55
0.163956141,3615.232911,0.6
0.175704409,3874.282225,0.65
0.186343789,4108.880556,0.7
0.195690858,4314.983423,0.75
0.204001269,4498.227984,0.8
0.212490931,4685.425035,0.85
0.2198635,4847.990168,0.9
0.226570094,4995.87057,0.95
0.237107867,5228.228465,1
0.229966747,5070.766763,1.05
0.222106609,4897.450735,1.1
0.213624278,4710.415334,1.15
0.203151302,4479.4862,1.2
0.192348558,4241.285704,1.25
0.182533075,4024.854306,1.3
0.171427018,3779.965736,1.35
0.160862544,3547.019084,1.4
0.150141347,3310.616704,1.45
0.139717693,3080.775139,1.5
0.128831616,2840.737131,1.55
0.118620761,2615.587787,1.6
0.110633813,2439.475566,1.65
0.104237215,2298.430595,1.7
0.098944813,2181.733118,1.75
0.094718164,2088.535508,1.8
0.090178217,1988.42968,1.85
0.086688943,1911.4912,1.9
0.083762492,1846.962946,1.95
0.077082325,1699.665273,2
0.074249571,1637.203044,2.05
0.072408302,1596.603068,2.1
0.07166792,1580.277632,2.15
0.072420207,1596.865567,2.2
0.073349746,1617.361908,2.25
0.073969706,1631.032013,2.3
0.074485473,1642.40469,2.35
0.075429604,1663.222761,2.4
0.076711128,1691.480372,2.45
0.077937796,1718.528391,2.5
0.079554245,1754.171107,2.55
0.081656114,1800.517304,2.6
0.082893904,1827.810576,2.65
0.083748415,1846.652547,2.7
0.08516192,1877.820341,2.75
0.087049432,1919.439986,2.8
0.089847215,1981.131087,2.85
0.093043006,2051.59828,2.9
0.095877947,2114.108727,2.95
0.097707543,2154.451329,3
0.09928912,2189.325086,3.05
0.100209836,2209.626888,3.1
0.101101177,2229.280948,3.15
0.102615518,2262.67217,3.2
0.104792205,2310.66812,3.25
0.107501849,2370.41577,3.3
0.11075477,2442.142676,3.35
0.113364414,2499.685333,3.4
0.115157817,2539.229871,3.45
0.116552079,2569.973344,3.5
0.117763911,2596.694242,3.55
0.119052416,2625.105764,3.6
0.121274306,2674.098456,3.65
0.123183737,2716.201401,3.7
0.125105498,2758.576233,3.75
0.125809609,2774.101885,3.8
0.125681679,2771.28102,3.85
0.125370899,2764.428316,3.9
0.126164849,2781.93492,3.95
0.127914391,2820.512322,4
0.131205935,2893.090858,4.05
0.135262638,2982.541159,4.1
0.139462392,3075.145746,4.15
0.142639597,3145.20312,4.2
0.14503993,3198.130463,4.25
0.146219638,3224.143016,4.3
0.146837584,3237.768727,4.35
0.148212992,3268.096463,4.4
0.150304995,3314.225129,4.45
0.153308344,3380.448976,4.5
0.154819524,3413.770502,4.55
0.155523219,3429.286975,4.6
0.156259872,3445.530184,4.65
0.157213904,3466.566574,4.7
0.158076497,3485.586768,4.75
0.161066019,3551.505721,4.8
0.164282892,3622.437758,4.85
0.167295832,3688.873096,4.9
0.169132266,3729.36647,4.95
0.171000604,3770.563318,5
0.174050853,3837.821304,5.05
0.175876271,3878.071778,5.1
0.175766541,3875.652218,5.15
0.174314411,3843.632754,5.2
0.175442563,3868.508523,5.25
0.178568307,3937.431165,5.3
0.181211779,3995.719725,5.35
0.182886346,4032.643925,5.4
0.182000311,4013.10686,5.45
0.179963859,3968.203091,5.5
0.178777162,3942.036429,5.55
0.178772484,3941.933263,5.6
0.179797118,3964.526452,5.65
0.181483912,4001.720266,5.7
0.183003152,4035.219502,5.75
0.183793395,4052.644364,5.8
0.184096979,4059.338378,5.85
0.183762233,4051.957229,5.9
0.185264906,4085.091173,5.95
0.186962528,4122.523736,6
0.186704448,4116.83307,6.05
0.183499418,4046.162167,6.1
0.182858451,4032.028853,6.15
0.189474952,4177.9227,6.2
0.19447916,4288.265485,6.25
0.192545925,4245.637646,6.3
0.185699606,4094.676315,6.35
0.17821247,3929.584959,6.4
0.172457501,3802.687906,6.45
0.167200494,3686.770893,6.5
0.162417476,3581.305339,6.55
0.156375969,3448.090114,6.6
0.148625362,3277.189221,6.65
0.140095276,3089.100829,6.7
0.131401429,2897.401498,6.75
0.122058443,2691.388657,6.8
0.113123848,2494.380853,6.85
0.105096409,2317.375821,6.9
0.096119564,2119.436394,6.95
0.08693237,1916.858752,7
0.077202002,1702.304152,7.05
0.072300737,1594.231244,7.1
0.069480608,1532.047414,7.15
0.057660748,1271.41949,7.2
0.045170025,995.9990468,7.25
0.038612929,851.4150849,7.3
0.037912654,835.974011,7.35
0.038380927,846.2994408,7.4
0.039829784,878.2467321,7.45
0.040090262,883.9902824,7.5
0.039597856,873.1327248,7.55
0.039068427,861.4588259,7.6
0.038829726,856.1954561,7.65
0.038841588,856.4570185,7.7
0.038818386,855.9454091,7.75
0.038711585,853.5904481,7.8
0.038683881,852.9795774,7.85
0.038497431,848.8683641,7.9
0.037989002,837.6574855,7.95
0.037443683,825.6332029,8
0.037023829,816.375433,8.05
0.035705725,787.3112299,8.1
0.031423994,692.8990756,8.15
0.031136478,686.5593474,8.2
0.030920642,681.8001508,8.25
0.030623577,675.2498662,8.3
0.030110365,663.9335487,8.35
0.029439484,649.1406147,8.4
0.028214916,622.1389007,8.45
0.028145219,620.6020792,8.5
0.028711853,633.0963613,8.55
0.029365079,647.4999944,8.6
0.029897494,659.2397531,8.65
0.030233115,666.640193,8.7
0.030321329,668.5853113,8.75
0.03064971,675.8260945,8.8
0.033709872,743.3026734,8.85
0.043495715,959.080523,8.9
0.055830661,1231.066069,8.95
0.07354559,1621.680256,9
0.084469137,1862.544468,9.05
0.0854135,1883.367684,9.1
0.085792265,1891.719452,9.15
0.089943252,1983.248713,9.2
0.091659872,2021.100188,9.25
0.091822034,2024.675861,9.3
0.091939527,2027.266579,9.35
0.091884508,2026.053392,9.4
0.09189212,2026.221236,9.45
0.092234402,2033.768568,9.5
0.092641525,2042.74562,9.55
0.093719105,2066.506262,9.6
0.095499473,2105.763384,9.65
0.097680867,2153.863119,9.7
0.099337674,2190.395717,9.75
0.100144174,2208.179026,9.8
0.097961536,2160.051869,9.85
0.089034712,1963.215395,9.9
0.077373612,1706.088147,9.95
0.060316393,1329.976471,10
0.050006086,1102.634197,10.05
0.049635648,1094.466037,10.1
0.049841264,1098.999861,10.15
0.047019937,1036.789621,10.2
0.050159427,1106.015375,10.25
0.051061641,1125.909181,10.3
0.051581578,1137.373801,10.35
0.052318763,1153.628728,10.4
0.053142034,1171.781843,10.45
0.053803757,1186.372838,10.5
0.053960256,1189.823651,10.55
0.053300752,1175.281574,10.6
0.0531561,1172.092001,10.65
0.053669317,1183.408433,10.7
0.058502365,1289.977155,10.75
0.069406816,1530.420284,10.8
0.082837898,1826.575658,10.85
0.093166678,2054.325256,10.9
0.100847133,2223.679291,10.95
0.101576736,2239.767027,11
0.101423357,2236.385031,11.05
0.101140923,2230.157341,11.1
0.100899006,2224.823082,11.15
0.099982533,2204.61486,11.2
0.095402763,2103.630931,11.25
0.094449423,2082.609781,11.3
0.093822931,2068.795636,11.35
0.093682813,2065.706016,11.4
0.101716509,2242.849028,11.45
0.115277633,2541.871797,11.5
0.125986393,2777.999966,11.55
0.137260458,3026.593088,11.6
0.148021039,3263.863912,11.65
0.146318333,3226.319243,11.7
0.140878639,3106.373994,11.75
0.130194132,2870.780602,11.8
0.117247617,2585.309964,11.85
0.107592609,2372.417022,11.9
0.100589151,2217.990771,11.95
0.100484825,2215.690391,12
0.101152328,2230.408839,12.05
0.101614573,2240.601328,12.1
0.101935415,2247.67591,12.15
0.106313248,2344.20711,12.2
0.119152393,2627.310261,12.25
0.132715445,2926.375551,12.3
0.140518251,3098.427432,12.35
0.141005158,3109.163736,12.4
0.133552706,2944.837172,12.45
0.120574764,2658.673546,12.5
0.111482643,2458.192287,12.55
0.101802918,2244.754342,12.6
0.090900661,2004.359571,12.65
0.09077569,2001.603969,12.7
0.090613931,1998.03717,12.75
0.090931963,2005.049784,12.8
0.096584705,2129.692735,12.85
0.10310614,2273.490396,12.9
0.110460641,2435.657132,12.95
0.128240675,2827.706888,13
0.133289151,2939.025782,13.05
0.136510774,3010.062573,13.1
0.138148047,3046.164434,13.15
0.135942906,2997.541068,13.2
0.125420717,2765.526812,13.25
0.114195078,2518.001477,13.3
0.108805586,2399.163176,13.35
0.109810051,2421.311633,13.4
0.110041619,2426.417692,13.45
0.110392894,2434.163322,13.5
0.109454558,2413.472997,13.55
0.108839399,2399.908737,13.6
0.109777746,2420.599308,13.65
0.111422114,2456.857605,13.7
0.11433784,2521.149368,13.75
0.119591024,2636.982088,13.8
0.124130259,2737.072218,13.85
0.136114859,3001.332637,13.9
0.152005495,3351.721154,13.95
0.163482248,3604.783566,14
0.186302463,4107.969318,14.05
0.212194128,4678.880514,14.1
0.239537707,5281.806428,14.15
0.266972505,5886.743735,14.2
0.292846025,6457.25486,14.25
0.319620004,7047.621079,14.3
0.347448428,7661.237844,14.35
0.360713269,7953.727586,14.4
0.360096158,7940.120286,14.45
0.359340144,7923.450173,14.5
0.359301082,7922.588854,14.55
0.359078413,7917.679009,14.6
0.35790987,7891.912634,14.65
0.356717357,7865.617715,14.7
0.354591642,7818.745704,14.75
0.349541436,7707.388668,14.8
0.339510196,7486.199815,14.85
0.325205745,7170.786686,14.9
0.302382662,6667.537704,14.95
0.273366064,6027.72172,15
0.24570112,5417.709703,15.05
0.216982436,4784.462707,15.1
0.188551775,4157.566632,15.15
0.161116318,3552.614807,15.2
0.137443404,3030.627056,15.25
0.115732308,2551.897396,15.3
0.096127398,2119.609134,15.35
0.082053442,1809.278385,15.4
0.082769132,1825.059366,15.45
0.083939758,1850.871656,15.5
0.085323402,1881.38102,15.55
0.086699577,1911.725675,15.6
0.087165413,1921.997358,15.65
0.087541008,1930.279218,15.7
0.087288887,1924.71996,15.75
0.087088026,1920.290973,15.8
0.08758099,1931.160839,15.85
0.085818021,1892.287354,15.9
0.089024054,1962.980385,15.95
0.093532679,2062.395577,16
0.099683274,2198.016197,16.05
0.108335778,2388.803905,16.1
0.114239288,2518.976309,16.15
0.120313922,2652.921969,16.2
0.12616247,2781.882457,16.25
0.134841801,2973.261701,16.3
0.143085111,3155.026706,16.35
0.162174133,3575.939628,16.4
0.187214903,4128.088605,16.45
0.212397209,4683.358463,16.5
0.237183079,5229.886892,16.55
0.262412651,5786.198948,16.6
0.287790307,6345.776274,16.65
0.313878756,6921.026568,16.7
0.340276647,7503.100075,16.75
0.366558837,8082.622347,16.8
0.392541049,8655.53013,16.85
0.410767924,9057.432722,16.9
0.407202336,8978.811509,16.95
0.402829238,8882.384691,17
0.396641537,8745.945884,17.05
0.388117791,8557.997296,17.1
0.382137718,8426.136689,17.15
0.374466808,8256.99311,17.2
0.364588281,8039.171592,17.25
0.34901248,7695.725184,17.3
0.330755822,7293.165884,17.35
0.310983076,6857.176819,17.4
0.285296012,6290.777058,17.45
0.2601984,5737.374709,17.5
0.23627691,5209.905859,17.55
0.213500735,4707.691202,17.6
0.198766026,4382.790862,17.65
0.189791894,4184.911252,17.7
0.183722585,4051.082997,17.75
0.175527704,3870.385862,17.8
0.16870383,3719.919443,17.85
0.172174034,3796.437439,17.9
0.197636694,4357.889094,17.95
0.215949157,4761.678921,18
0.232769672,5132.57127,18.05
0.247742459,5462.721212,18.1
0.263468916,5809.489598,18.15
0.281262788,6201.84448,18.2
0.301978657,6658.629391,18.25
0.320927582,7076.453174,18.3
0.33925454,7480.562598,18.35
0.363891725,8023.81253,18.4
0.38560487,8502.587375,18.45
0.385720067,8505.127469,18.5
0.383360224,8453.09293,18.55
0.379405388,8365.888812,18.6
0.369162539,8140.033992,18.65
0.35235429,7769.412088,18.7
0.332865449,7339.683139,18.75
0.315330733,6953.042669,18.8
0.295860754,6523.729632,18.85
0.271629101,5989.42167,18.9
0.24546042,5412.402259,18.95
0.226292134,4989.741546,19
0.209880229,4627.859049,19.05
0.19620354,4326.28805,19.1
0.182281539,4019.307944,19.15
0.170692951,3763.779572,19.2
0.153960235,3394.82318,19.25
0.135229114,2981.801966,19.3
0.117199793,2584.255433,19.35
0.093367639,2058.756444,19.4
0.071971986,1586.982289,19.45
0.070737042,1559.751765,19.5
0.070910297,1563.572044,19.55
0.070956087,1564.581719,19.6
0.069664205,1536.095713,19.65
0.068324207,1506.548764,19.7
0.066657539,1469.798729,19.75
0.065306383,1440.005736,19.8
0.064187712,1415.339054,19.85
0.063525023,1400.726747,19.9
0.063859399,1408.099743,19.95
0.064157342,1414.669402,20
0.06583237,1451.603754,20.05
0.065547739,1445.327654,20.1
0.06340111,1397.99447,20.15
0.056988291,1256.59181,20.2
0.05290931,1166.650289,20.25
0.052688318,1161.777409,20.3
0.052491937,1157.447206,20.35
0.051403009,1133.436339,20.4
0.049991139,1102.304619,20.45
0.048878447,1077.769766,20.5
0.049420211,1089.715644,20.55
0.052087247,1148.523804,20.6
0.057038758,1257.70461,20.65
0.065653259,1447.654371,20.7
0.081358273,1793.949921,20.75
0.099817174,2200.968692,20.8
0.12363049,2726.052302,20.85
0.148884692,3282.907467,20.9
0.170174864,3752.355747,20.95
0.195231064,4304.844966,21
0.217688908,4800.040419,21.05
0.241564171,5326.489973,21.1
0.266148469,5868.573741,21.15
0.284356267,6270.05569,21.2
0.290515501,6405.866793,21.25
0.296104798,6529.110785,21.3
0.297795749,6566.396265,21.35
0.309139887,6816.534508,21.4
0.313835515,6920.073095,21.45
0.317181803,6993.858761,21.5
0.319293067,7040.412125,21.55
0.31944143,7043.683532,21.6
0.317101856,6992.095923,21.65
0.311525665,6869.140915,21.7
0.300150688,6618.322666,21.75
0.285104115,6286.545729,21.8
0.262885313,5796.621154,21.85
0.238297357,5254.456711,21.9
0.217327954,4792.08139,21.95
0.192699264,4249.01876,22
0.168261559,3710.167374,22.05
0.143464075,3163.38286,22.1
0.118563263,2614.319951,22.15
0.101026079,2227.625049,22.2
0.097879237,2158.237172,22.25
0.104599189,2306.412115,22.3
0.120424535,2655.361001,22.35
0.131022655,2889.049534,22.4
0.149753873,3302.072895,22.45
0.170277208,3754.612425,22.5
0.191273562,4217.582033,22.55
0.212573708,4687.250261,22.6
0.219360177,4836.891909,22.65
0.240667721,5306.723244,22.7
0.260836962,5751.455021,22.75
0.278981852,6151.549845,22.8
0.289899027,6392.273539,22.85
0.290368388,6402.62296,22.9
0.292430907,6448.101502,22.95
0.29532113,6511.830905,23
0.298477169,6581.42157,23.05
0.300631142,6628.916688,23.1
0.303114712,6683.679391,23.15
0.303149779,6684.452629,23.2
0.300443047,6624.769182,23.25
0.288724703,6366.379701,23.3
0.27161924,5989.20424,23.35
0.251936741,5555.205128,23.4
0.231687316,5108.705311,23.45
0.21180408,4670.279966,23.5
0.192080983,4235.38568,23.55
0.172275059,3798.665047,23.6
0.168115843,3706.954327,23.65
0.148841971,3281.965458,23.7
0.125664917,2770.911422,23.75
0.10504345,2316.208079,23.8
0.093590355,2063.667326,23.85
0.093754684,2067.290784,23.9
0.095948661,2115.667971,23.95
0.092847746,2047.292801,24
0.089533061,1974.203992,24.05
0.089532534,1974.192376,24.1
0.089462604,1972.650413,24.15
0.089274467,1968.501989,24.2
0.089289509,1968.83368,24.25
0.090724988,2000.485983,24.3
0.092722086,2044.521988,24.35
0.09385236,2069.444544,24.4
0.094785658,2090.023749,24.45
0.095350031,2102.468191,24.5
0.096254669,2122.415452,24.55
0.095023059,2095.258452,24.6
0.091124324,2009.291348,24.65
0.086912758,1916.426308,24.7
0.086661241,1910.88037,24.75
0.086741242,1912.644376,24.8
0.086939777,1917.022088,24.85
0.086742055,1912.662307,24.9
0.082838062,1826.579266,24.95
0.0831953,1834.45637,25
0.083583744,1843.021566,25.05
0.08155205,1798.222693,25.1
0.082472703,1818.523095,25.15
0.085426713,1883.659017,25.2
0.090154041,1987.896597,25.25
0.094667389,2087.415934,25.3
0.101006398,2227.19108,25.35
0.109654598,2417.883895,25.4
0.106256205,2342.949322,25.45
0.102475527,2259.585379,25.5
0.097586901,2151.791168,25.55
0.094687706,2087.863906,25.6
0.093833651,2069.031996,25.65
0.093644314,2064.857127,25.7
0.093743374,2067.041396,25.75
0.09399944,2072.687654,25.8
0.093488515,2061.421759,25.85
0.092868217,2047.744178,25.9
0.092777966,2045.754147,25.95
0.094180525,2076.680572,26
0.0946748,2087.579333,26.05
0.095608395,2108.165104,26.1
0.096842441,2135.375817,26.15
0.108877736,2400.754072,26.2
0.116600567,2571.0425,26.25
0.120097452,2648.148812,26.3
0.119348421,2631.632672,26.35
0.115170535,2539.510297,26.4
0.121262267,2673.832992,26.45
0.126638094,2792.369975,26.5
0.132245352,2916.010012,26.55
0.140923196,3107.356472,26.6
0.141711706,3124.743124,26.65
0.141661428,3123.634481,26.7
0.141386904,3117.581227,26.75
0.140940869,3107.746155,26.8
0.141087391,3110.976976,26.85
0.142219009,3135.929151,26.9
0.146882621,3238.761797,26.95
0.153676106,3388.558146,27
0.156192215,3444.03833,27.05
0.158161354,3487.457849,27.1
0.156579292,3452.573386,27.15
0.142410773,3140.157545,27.2
0.13121251,2893.235854,27.25
0.123964847,2733.424865,27.3
0.116971659,2579.225077,27.35
0.110253801,2431.09631,27.4
0.104936202,2313.843259,27.45
0.099761199,2199.734441,27.5
0.093918104,2070.894187,27.55
0.084895365,1871.942798,27.6
0.083936287,1850.795135,27.65
0.085525106,1885.828597,27.7
0.094991613,2094.565071,27.75
0.106664495,2351.952124,27.8
0.110229092,2430.551472,27.85
0.112859511,2488.55222,27.9
0.111343305,2455.119866,27.95
0.105058967,2316.550214,28
0.10386906,2290.312769,28.05
0.104562552,2305.604276,28.1
0.107127482,2362.160985,28.15
0.113349747,2499.361919,28.2
0.120517319,2657.406886,28.25
0.125264495,2762.082121,28.3
0.135262804,2982.54483,28.35
0.142817002,3149.114883,28.4
0.154914358,3415.861592,28.45
0.179693094,3962.232727,28.5
0.178907996,3944.921318,28.55
0.177845099,3921.484433,28.6
0.177169335,3906.583832,28.65
0.175320472,3865.816408,28.7
0.165576098,3650.952954,28.75
0.153379745,3382.023366,28.8
0.149109578,3287.866204,28.85
0.144196985,3179.54351,28.9
0.139553341,3077.151176,28.95
0.137168276,3024.560495,29
0.137737654,3037.115266,29.05
0.137862127,3039.859909,29.1
0.135751402,2993.318423,29.15
0.132720199,2926.480388,29.2
0.135312288,2983.635955,29.25
0.131308444,2895.351195,29.3
0.120512598,2657.302795,29.35
0.112017803,2469.99255,29.4
0.098955734,2181.973937,29.45
0.073575439,1622.338421,29.5
0.07400343,1631.775637,29.55
0.074816105,1649.695109,29.6
0.074639021,1645.790408,29.65
0.073707486,1625.250067,29.7
0.07548164,1664.370173,29.75
0.079065372,1743.391457,29.8
0.083799924,1847.788328,29.85
0.08848467,1951.086972,29.9
0.093096353,2052.774592,29.95
0.100529652,2216.678833,30
0.10216488,2252.735593,30.05
0.097582482,2151.693724,30.1
0.09412931,2075.551288,30.15
0.089455945,1972.503584,30.2
0.07794816,1718.756923,30.25
0.074150914,1635.027661,30.3
0.073641216,1623.788823,30.35
0.073691558,1624.898864,30.4
0.073270336,1615.610917,30.45
0.072503248,1598.696618,30.5
0.071896709,1585.322426,30.55
0.07259144,1600.64126,30.6
0.07566055,1668.315134,30.65
0.079474799,1752.419324,30.7
0.081276599,1792.149017,30.75
0.087700558,1933.797305,30.8
0.101132537,2229.97243,30.85
0.10370639,2286.725893,30.9
0.106342109,2344.843492,30.95
0.103197017,2275.494231,31
0.102895714,2268.850485,31.05
0.108520459,2392.876119,31.1
0.114818814,2531.754846,31.15
0.127461028,2810.51567,31.2
0.142526243,3142.703656,31.25
0.156928064,3460.263805,31.3
0.167690081,3697.566293,31.35
0.179624406,3960.718161,31.4
0.193839231,4274.155041,31.45
0.206671037,4557.096361,31.5
0.222870995,4914.30544,31.55
0.243852247,5376.942035,31.6
0.264096245,5823.322198,31.65
0.264929126,5841.687219,31.7
0.260906774,5752.994364,31.75
0.250496289,5523.443175,31.8
0.232555421,5127.84704,31.85
0.226379182,4991.660963,31.9
0.222511282,4906.373761,31.95
0.218211393,4811.561218,32
0.213399503,4705.459046,32.05
0.206999212,4564.332627,32.1
0.200834199,4428.394084,32.15
0.191999293,4233.584404,32.2
0.183564745,4047.602632,32.25
0.178117147,3927.483098,32.3
0.183649502,4049.471526,32.35
0.188789818,4162.815482,32.4
0.174593219,3849.780486,32.45
0.162121992,3574.789926,32.5
0.146572223,3231.917513,32.55
0.125117478,2758.840399,32.6
0.102448905,2258.998344,32.65
0.098416254,2170.078397,32.7
0.098365703,2168.963742,32.75
0.098164453,2164.526188,32.8
0.097950384,2159.805959,32.85
0.09904943,2184.03992,32.9
0.100006862,2205.151309,32.95
0.10469928,2308.619126,33
0.109755283,2420.103995,33.05
0.119255321,2629.579826,33.1
0.134860754,2973.679615,33.15
0.148157135,3266.864827,33.2
0.141365182,3117.102265,33.25
0.132556424,2922.869143,33.3
0.116850765,2576.55937,33.35
0.099897886,2202.748393,33.4
0.10051313,2216.314505,33.45
0.101127261,2229.856114,33.5
0.101217199,2231.839238,33.55
0.101022693,2227.550389,33.6
0.100822531,2223.136806,33.65
0.101439963,2236.751184,33.7
0.103906157,2291.130771,33.75
0.107613765,2372.883512,33.8
0.113660692,2506.218267,33.85
0.126785174,2795.613089,33.9
0.144847015,3193.876672,33.95
0.160298917,3534.591129,34
0.166908678,3680.336341,34.05
0.169093836,3728.519082,34.1
0.162706936,3587.687941,34.15
0.15729257,3468.301169,34.2
0.170703935,3764.02176,34.25
0.182361842,4021.078618,34.3
0.198137928,4368.941321,34.35
0.213983469,4718.335487,34.4
0.230436442,5081.123539,34.45
0.242211353,5340.760338,34.5
0.257551698,5679.014943,34.55
0.275421814,6073.050996,34.6
0.298442252,6580.651648,34.65
0.32274775,7116.587896,34.7
0.345410106,7616.292842,34.75
0.368057791,8115.674298,34.8
0.387197828,8537.71211,34.85
0.398174093,8779.738748,34.9
0.401547413,8854.120463,34.95
0.406397905,8961.073796,35
0.419244729,9244.346277,35.05
0.433833483,9566.028305,35.1
0.449117423,9903.039182,35.15
0.462468982,10197.44105,35.2
0.473942954,10450.44214,35.25
0.487141259,10741.46477,35.3
0.495579074,10927.51858,35.35
0.504283716,11119.45595,35.4
0.512192519,11293.84505,35.45
0.524795659,11571.74427,35.5
0.531977084,11730.09471,35.55
0.531054499,11709.75169,35.6
0.510476763,11256.01262,35.65
0.486131113,10719.19105,35.7
0.463580483,10221.94965,35.75
0.440035181,9702.77575,35.8
0.416223404,9177.726049,35.85
0.391663121,8636.17182,35.9
0.3671308,8095.234142,35.95
0.343254263,7568.756499,36
0.321159445,7081.565767,36.05
0.300585314,6627.906165,36.1
0.281647078,6210.318068,36.15
0.273728584,6035.715284,36.2
0.262044295,5778.076703,36.25
0.238199275,5252.294018,36.3
0.214741698,4735.054445,36.35
0.191109102,4213.955697,36.4
0.16736163,3690.323942,36.45
0.14354196,3165.100214,36.5
0.121363624,2676.067909,36.55
0.104919662,2313.478556,36.6
0.103488069,2281.911915,36.65
0.104914385,2313.362189,36.7
0.103870874,2290.352776,36.75
0.103459563,2281.283373,36.8
0.105023571,2315.76973,36.85
0.110294097,2431.984839,36.9
0.119089541,2625.924375,36.95
0.133611222,2946.127441,37
0.136183062,3002.836513,37.05
0.131847888,2907.245926,37.1
0.126829985,2796.601171,37.15
0.110138699,2428.558317,37.2
0.097589576,2151.850151,37.25
0.096869967,2135.98278,37.3
0.095927048,2115.191397,37.35
0.095220342,2099.608536,37.4
0.094776176,2089.814687,37.45
0.095691971,2110.007969,37.5
0.097290385,2145.252981,37.55
0.099848845,2201.667036,37.6
0.103715726,2286.931749,37.65
0.107189767,2363.534367,37.7
0.112676651,2484.520155,37.75
0.112174217,2473.44148,37.8
0.109753488,2420.064408,37.85
0.104187047,2297.324395,37.9
0.095484044,2105.423164,37.95
0.080140504,1767.098117,38
0.07600095,1675.820945,38.05
0.075774732,1670.832835,38.1
0.079381123,1750.353762,38.15
0.079447731,1751.822463,38.2
0.079208403,1746.545275,38.25
0.079647975,1756.237858,38.3
0.079994986,1763.889435,38.35
0.081590252,1799.065048,38.4
0.085675242,1889.139096,38.45
0.091244451,2011.940138,38.5
0.100520364,2216.474024,38.55
0.114941779,2534.466225,38.6
0.117397701,2588.619316,38.65
0.117944724,2600.681162,38.7
0.117639065,2593.941388,38.75
0.124311166,2741.061208,38.8
0.130833491,2884.878466,38.85
0.136504927,3009.933649,38.9
0.145910334,3217.322867,38.95
0.155141481,3420.869647,39
0.168685613,3719.517764,39.05
0.183822045,4053.276081,39.1
0.194688322,4292.877509,39.15
0.209194677,4612.742617,39.2
0.224609888,4952.648035,39.25
0.238971522,5269.322049,39.3
0.24559754,5415.425764,39.35
0.243841785,5376.711361,39.4
0.240057644,5293.271048,39.45
0.233657349,5152.144552,39.5
0.223001873,4917.191289,39.55
0.20619973,4546.704051,39.6
0.199329533,4395.216196,39.65
0.193576867,4268.369909,39.7
0.187668408,4138.08839,39.75
0.180081281,3970.792244,39.8
0.174170022,3840.448974,39.85
0.169868627,3745.603214,39.9
0.163020257,3594.596658,39.95
0.157887774,3481.425423,40
0.151158024,3333.034425,40.05
0.149655612,3299.906249,40.1
0.157227306,3466.862104,40.15
0.169753736,3743.069888,40.2
0.180531258,3980.714228,40.25
0.1920695,4235.132482,40.3
0.211539228,4664.439969,40.35
0.237864454,5244.911217,40.4
0.263252676,5804.721512,40.45
0.289483129,6383.102983,40.5
0.314823805,6941.864909,40.55
0.340795071,7514.531316,40.6
0.366054383,8071.499141,40.65
0.392878937,8662.980565,40.7
0.419378933,9247.305473,40.75
0.445957731,9833.367969,40.8
0.472057944,10408.87767,40.85
0.496369147,10944.93969,40.9
0.519981634,11465.59503,40.95
0.537199717,11845.25375,41
0.548980678,12105.02394,41.05
0.551271271,12155.53153,41.1
0.542214716,11955.83448,41.15
0.532710364,11746.26353,41.2
0.511937037,11288.21165,41.25
0.486036085,10717.09567,41.3
0.461586462,10177.9815,41.35
0.43950936,9691.181386,41.4
0.417687947,9210.01922,41.45
0.393433308,8675.20445,41.5
0.369649101,8150.762677,41.55
0.345471937,7617.656211,41.6
0.321530753,7089.753101,41.65
0.295392598,6513.406793,41.7
0.271112453,5978.02958,41.75
0.250250154,5518.015887,41.8
0.235825245,5199.946641,41.85
0.229098995,5051.632849,41.9
0.226308497,4990.102365,41.95
0.231652232,5107.931722,42
0.240163098,5295.596302,42.05
0.252301998,5563.259065,42.1
0.266747209,5881.775956,42.15
0.276999507,6107.839127,42.2
0.300007787,6615.171692,42.25
0.326679052,7203.273092,42.3
0.352682155,7776.641516,42.35
0.377025601,8313.414506,42.4
0.401272386,8848.056118,42.45
0.426675188,9408.187895,42.5
0.449073728,9902.075711,42.55
0.466841746,10293.86049,42.6
0.466470219,10285.66834,42.65
0.465753813,10269.87158,42.7
0.463455808,10219.20057,42.75
0.458074228,10100.53673,42.8
0.446119633,9836.937908,42.85
0.427414301,9424.485337,42.9
0.40499553,8930.151441,42.95
0.378382022,8343.32359,43
0.351571184,7752.144603,43.05
0.325530173,7177.94031,43.1
0.304178728,6707.140961,43.15
0.282921006,6238.408176,43.2
0.266214647,5870.032964,43.25
0.258658913,5703.42904,43.3
0.250121809,5515.185897,43.35
0.224577469,4951.933185,43.4
0.199803628,4405.669989,43.45
0.17519215,3862.986916,43.5
0.153555414,3385.896868,43.55
0.136034481,2999.560299,43.6
0.136528497,3010.45335,43.65
0.137567405,3033.361282,43.7
0.138760711,3059.673673,43.75
0.13960279,3078.241513,43.8
0.140496872,3097.956021,43.85
0.14212332,3133.819215,43.9
0.144275345,3181.271357,43.95
0.148556238,3275.66505,44
0.158801082,3501.563867,44.05
0.178924349,3945.281884,44.1
0.200550003,4422.127557,44.15
0.225604125,4974.570945,44.2
0.24557488,5414.926111,44.25
0.257481613,5677.469569,44.3
0.269602618,5944.737716,44.35
